title,tags
Seven (feat. Latto) (Explicit Ver.),"seven (feat. latto) (explicit ver.) latto, jung kook 125 b major"
LALA,lala myke towers 92 c# major
vampire,vampire olivia rodrigo 138 f major
Cruel Summer,cruel summer taylor swift 170 a major
WHERE SHE GOES,where she goes bad bunny 144 a minor
Sprinter,"sprinter dave, central cee 141 c# major"
Ella Baila Sola,"ella baila sola eslabon armado, peso pluma 148 f minor"
Columbia,columbia quevedo 100 f major
fukumean,fukumean gunna 130 c# minor
La Bebe - Remix,"la bebe - remix peso pluma, yng lvcas 170 d minor"
un x100to,"un x100to bad bunny, grupo frontera 83 f# minor"
Super Shy,super shy newjeans 150 f minor
Daylight,daylight david kushner 130 d minor
Kill Bill,kill bill sza 89 g# major
Cupid - Twin Ver.,cupid - twin ver. fifty fifty 120 b minor
Classy 101,"classy 101 feid, young miko 100 b major"
Like Crazy,like crazy jimin 120 g major
LADY GAGA,"lady gaga gabito ballesteros, junior h, peso pluma 140 f minor"
I Can See You (Taylorï¿½ï¿½ï¿½s Version) (From The ,i can see you (taylorï¿½ï¿½ï¿½s version) (from the  taylor swift 123 f# major
"Peso Pluma: Bzrp Music Sessions, Vol. 55","peso pluma: bzrp music sessions, vol. 55 bizarrap, peso pluma 133 f minor"
Popular (with Playboi Carti & Madonna) - The Idol Vol. 1 (Music from the HBO Original Series),"popular (with playboi carti & madonna) - the idol vol. 1 (music from the hbo original series) the weeknd, madonna, playboi carti 99 c# major"
SABOR FRESA,sabor fresa fuerza regida 130 g minor
Calm Down (with Selena Gomez),"calm down (with selena gomez) rï¿½ï¿½ma, selena g 107 b major"
MOJABI GHOST,"mojabi ghost tainy, bad bunny 122 f# minor"
Last Night,last night morgan wallen 204 f# major
Dance The Night (From Barbie The Album),dance the night (from barbie the album) dua lipa 110 b minor
Rush,rush troye sivan 126 f minor
TULUM,"tulum peso pluma, grupo frontera 168 f# major"
Creepin',"creepin' the weeknd, 21 savage, metro boomin 98 c# minor"
Anti-Hero,anti-hero taylor swift 97 e major
TQG,"tqg karol g, shakira 180 e minor"
Frï¿½ï¿½gil (feat. Grupo Front,"frï¿½ï¿½gil (feat. grupo front yahritza y su esencia, grupo frontera 150 f# major"
Blank Space,blank space taylor swift 96 f major
Style,style taylor swift 95 d major
TQM,tqm fuerza regida 125 f minor
El Azul,"el azul junior h, peso pluma 144 a minor"
Sunflower - Spider-Man: Into the Spider-Verse,"sunflower - spider-man: into the spider-verse post malone, swae lee 90 d major"
I'm Good (Blue),"i'm good (blue) bebe rexha, david guetta 128 g minor"
See You Again,"see you again tyler, the creator, kali uchis 79 f# major"
Angels Like You,angels like you miley cyrus 122 f major
Die For You,die for you the weeknd 134 c# minor
Starboy,"starboy the weeknd, daft punk 186 g major"
Die For You - Remix,"die for you - remix ariana grande, the weeknd 67 c# minor"
El Cielo,"el cielo feid, myke towers, sky rompiendo 106 a# minor"
Baby Don't Hurt Me,"baby don't hurt me david guetta, anne-marie, coi leray 128 g major"
AMARGURA,amargura karol g 107 f# minor
(It Goes Like) Nanana - Edit,(it goes like) nanana - edit peggy gou 130 g minor
Moonlight,moonlight kali uchis 137 g minor
La Bachata,la bachata manuel turizo 125 g minor
Tï¿½ï¿,"tï¿½ï¿ dennis, mc kevin o chris 130 b major"
Boy's a liar Pt. 2,"boy's a liar pt. 2 pinkpantheress, ice spice 133 f major"
Left and Right (Feat. Jung Kook of BTS),"left and right (feat. jung kook of bts) charlie puth, bts, jung kook 101 d major"
BESO,"beso rauw alejandro, rosalï¿½ 95 f minor"
Hey Mor,"hey mor ozuna, feid 98 c# minor"
Yellow,yellow chris molitor 173 b major
Karma,karma taylor swift 90 g# major
People,people libianca 198 a# minor
Overdrive,overdrive post malone 140 c# major
Enchanted (Taylor's Version),enchanted (taylor's version) taylor swift 82 g# major
BABY HELLO,"baby hello rauw alejandro, bizarrap 130 c# minor"
golden hour,golden hour jvke 94 c# minor
"Quevedo: Bzrp Music Sessions, Vol. 52","quevedo: bzrp music sessions, vol. 52 bizarrap, quevedo 128 d major"
Viva La Vida,viva la vida coldplay 138 f minor
Here With Me,here with me d4vd 132 e major
Unholy (feat. Kim Petras),"unholy (feat. kim petras) sam smith, kim petras 131 d major"
Yandel 150,"yandel 150 yandel, feid 168 f# minor"
CORAZï¿½ï¿½N VA,corazï¿½ï¿½n va maria becerra 98 c# major
Riptide,riptide vance joy 102 c# major
Until I Found You (with Em Beihold) - Em Beihold Version,"until i found you (with em beihold) - em beihold version em beihold, stephen sanchez 101 a# major"
Novidade na ï¿½ï¿,"novidade na ï¿½ï¿ mc livinho, dj matt d 130 f major"
Back To December (Taylor's Version),back to december (taylor's version) taylor swift 142 d major
STAY (with Justin Bieber),"stay (with justin bieber) justin bieber, the kid laroi 170 c# major"
El Merengue,"el merengue marshmello, manuel turizo 124 g# minor"
Me Porto Bonito,"me porto bonito chencho corleone, bad bunny 92 c# minor"
Makeba,makeba jain 116 d major
MONTAGEM - FR PUNK,"montagem - fr punk ayparia, unxbected 129 a major"
Fast Car,fast car luke combs 98 g# major
What It Is (Solo Version),what it is (solo version) doechii 172 c# minor
Coco Chanel,"coco chanel bad bunny, eladio carrion 150 d major"
Donï¿½ï¿½ï¿½t Bl,donï¿½ï¿½ï¿½t bl taylor swift 136 a minor
Still With You,still with you jung kook 88 c# minor
All My Life (feat. J. Cole),"all my life (feat. j. cole) j. cole, lil durk 143 d# major"
Say Yes To Heaven,say yes to heaven lana del rey 100 f# minor
Snooze,snooze sza 143 f major
Summertime Sadness,summertime sadness lana del rey 112 c# minor
Take Two,take two bts 93 g major
Lover,lover taylor swift 206 g major
Too Many Nights (feat. Don Toliver & with Future),"too many nights (feat. don toliver & with future) future, metro boomin, don toliver 88 g minor"
Chemical,chemical post malone 170 d major
Mockingbird,mockingbird eminem 84 e minor
New Jeans,new jeans newjeans 134 e minor
Primera Cita,primera cita carin leon 158 a# major
Cold Heart - PNAU Remix,"cold heart - pnau remix dua lipa, elton john, pnau 116 c# major"
Dandelions,dandelions ruth b. 117 c# major
Bones,bones imagine dragons 114 f minor
Set Fire to the Rain,set fire to the rain adele 108 d minor
Money Trees,"money trees kendrick lamar, jay rock 144 e minor"
Tak Segampang Itu,tak segampang itu anggi marito 130 f major
LAGUNAS,"lagunas jasiel nuï¿½ï¿½ez, peso p 116 b major"
Mine (Taylor's Version),mine (taylor's version) taylor swift 121 g major
Everybody Wants To Rule The World,everybody wants to rule the world tears for fears 112 g major
No Role Modelz,no role modelz j. cole 100 a# minor
Tattoo,tattoo loreen 150 d# minor
Rara Vez,"rara vez taiu, milo j 120 f minor"
VAGABUNDO,"vagabundo sebastian yatra, manuel turizo, beï¿½ï 127 b minor"
august,august taylor swift 90 f major
LUNA,"luna junior h, peso pluma 128 a minor"
Miracle (with Ellie Goulding),"miracle (with ellie goulding) calvin harris, ellie goulding 143 a major"
Nonsense,nonsense sabrina carpenter 139 g# major
Que Vuelvas,"que vuelvas carin leon, grupo frontera 162 a# major"
Feliz Cumpleaï¿½ï¿½os Fe,feliz cumpleaï¿½ï¿½os fe feid 95 f major
Can't Hold Us (feat. Ray Dalton),"can't hold us (feat. ray dalton) ray dalton, ryan lewis, macklemore 146 d major"
lovely - Bonus Track,"lovely - bonus track billie eilish, khalid 115 e minor"
"Rauw Alejandro: Bzrp Music Sessions, Vol. 56","rauw alejandro: bzrp music sessions, vol. 56 rauw alejandro, bizarrap 128 b major"
Queencard,queencard (g)i-dle 130 e minor
OMG,omg newjeans 127 a minor
Radio,radio lana del rey 150 d major
"Shakira: Bzrp Music Sessions, Vol. 53","shakira: bzrp music sessions, vol. 53 shakira, bizarrap 122 d minor"
Trance (with Travis Scott & Young Thug),"trance (with travis scott & young thug) travis scott, young thug, metro boomin 119 c# minor"
"Tere Vaaste (From ""Zara Hatke Zara Bachke"")","tere vaaste (from ""zara hatke zara bachke"") sachin-jigar, shadab faridi, altamash faridi, amitabh bhattacharya, varun jain 110 g minor"
Perfect,perfect ed sheeran 95 g# major
Romantic Homicide,romantic homicide d4vd 132 f# major
Believer,believer imagine dragons 125 a# minor
Novo Balanï¿½,"novo balanï¿½ veigh, bvga beatz, supernova ent, prod malax 124 d# minor"
"Gol Bolinha, Gol Quadrado 2","gol bolinha, gol quadrado 2 mc pedrinho, dj 900 133 b minor"
Without Me,without me eminem 112 g major
Stargirl Interlude,"stargirl interlude the weeknd, lana del rey 90 f minor"
Ojitos Lindos,"ojitos lindos bomba estï¿½ï¿½reo, bad b 80 d# minor"
Somewhere Only We Know,somewhere only we know keane 172 a major
Those Eyes,those eyes new west 120 e major
El Gordo Trae El Mando,el gordo trae el mando chino pacas 140 g minor
Mi Bello Angel,mi bello angel natanael cano 128 a minor
Nosso Quadro,"nosso quadro ana castela, agroplay 160 a major"
Locked Out Of Heaven,locked out of heaven bruno mars 144 f major
Un Finde | CROSSOVER #2,"un finde | crossover #2 big one, fmk, ke personajes 192 b major"
Counting Stars,counting stars onerepublic 122 c# minor
PRC,"prc natanael cano, peso pluma 138 g minor"
One Dance,"one dance drake, wizkid, kyla 104 c# major"
Enchanted,enchanted taylor swift 164 g# major
Sure Thing,sure thing miguel 81 b minor
Every Breath You Take - Remastered 2003,every breath you take - remastered 2003 the police 117 c# major
The Night We Met,the night we met lord huron 174 d major
We Found Love,"we found love rihanna, calvin harris 128 c# major"
Let Me Down Slowly,let me down slowly alec benjamin 150 c# minor
"Am I Dreaming (Metro Boomin & A$AP Rocky, Roisee)","am i dreaming (metro boomin & a$ap rocky, roisee) a$ap rocky, metro boomin, roisee 90 a minor"
Do I Wanna Know?,do i wanna know? arctic monkeys 85 f major
Demons,demons imagine dragons 180 d# major
ýýýýýýýýýýýý,ýýýýýýýýýýýý yoasobi 166 c# major
Reminder,reminder the weeknd 160 g# major
Shake It Off,shake it off taylor swift 160 g major
Why'd You Only Call Me When You're High?,why'd you only call me when you're high? arctic monkeys 92 d major
Shape of You,shape of you ed sheeran 96 c# minor
Creep,creep radiohead 92 g major
Car's Outside,car's outside james arthur 150 a major
Apocalypse,apocalypse cigarettes after sex 94 f major
Cheques,cheques shubh 90 e minor
Pink + White,pink + white frank ocean 160 a major
Just The Way You Are,just the way you are bruno mars 109 f major
Take Me To Church,take me to church hozier 129 e minor
Bebe Dame,"bebe dame fuerza regida, grupo frontera 157 g major"
You Belong With Me (Taylorï¿½ï¿½ï¿½s Ve,you belong with me (taylorï¿½ï¿½ï¿½s ve taylor swift 130 f# major
Titi Me Preguntï¿,titi me preguntï¿ bad bunny 107 f minor
Better Than Revenge (Taylor's Version),better than revenge (taylor's version) taylor swift 146 b minor
Shut up My Moms Calling,shut up my moms calling hotel ugly 139 a minor
Es un Secreto,es un secreto plan b 95 f# minor
POLARIS - Remix,"polaris - remix feid, mora, saiko, quevedo 170 g# minor"
Ditto,ditto newjeans 134 f# minor
Take On Me,take on me a-ha 84 f# minor
"Annihilate (Spider-Man: Across the Spider-Verse) (Metro Boomin & Swae Lee, Lil Wayne, Offset)","annihilate (spider-man: across the spider-verse) (metro boomin & swae lee, lil wayne, offset) swae lee, lil wayne, offset, metro boomin 146 b minor"
"Angel Pt 1 (feat. Jimin of BTS, JVKE & Muni Long)","angel pt 1 (feat. jimin of bts, jvke & muni long) kodak black, nle choppa, muni long, jvke, jimin 74 a# minor"
Acrï¿½ï¿½s,acrï¿½ï¿½s shakira 144 b major
AMG,"amg natanael cano, gabito ballesteros, peso pluma 136 b minor"
"Phir Aur Kya Chahiye (From ""Zara Hatke Zara Bachke"")","phir aur kya chahiye (from ""zara hatke zara bachke"") arijit singh, sachin-jigar, amitabha bhattacharya 100 e major"
S-Class,s-class stray kids 105 f minor
Hits Different,hits different taylor swift 106 f major
Chanel,"chanel becky g, peso pluma 132 d major"
Self Love (Spider-Man: Across the Spider-Verse) (Metro Boomin & Coi Leray),"self love (spider-man: across the spider-verse) (metro boomin & coi leray) metro boomin, coi leray 120 a major"
Area Codes,"area codes kaliii, kaliii 155 c# major"
Abcdario,"abcdario junior h, eden muï¿½ï 129 g# major"
Obsessed,"obsessed abhijay sharma, riar saab 135 f minor"
Piï¿½ï¿½man Deï¿,"piï¿½ï¿½man deï¿ semicenk, doï¿½ï¿½u  98 a# minor"
FLOWER,flower jisoo 124 a minor
"All The Way Live (Spider-Man: Across the Spider-Verse) (Metro Boomin & Future, Lil Uzi Vert)","all the way live (spider-man: across the spider-verse) (metro boomin & future, lil uzi vert) future, lil uzi vert, metro boomin 135 a minor"
Eyes Closed,eyes closed ed sheeran 107 d major
Escapism.,"escapism. raye, 070 shake 96 d major"
La Jumpa,"la jumpa arcangel, bad bunny 123 g# major"
Karma (feat. Ice Spice),"karma (feat. ice spice) taylor swift, ice spice 90 g# major"
Superhero (Heroes & Villains) [with Future & Chris Brown],"superhero (heroes & villains) [with future & chris brown] future, chris brown, metro boomin 117 f minor"
Las Morras,"las morras blessd, peso pluma 133 a minor"
CHORRITO PA LAS ANIMAS,chorrito pa las animas feid 96 g# minor
Ch y la Pizza,"ch y la pizza fuerza regida, natanael cano 149 g# major"
Snow On The Beach (feat. More Lana Del Rey),"snow on the beach (feat. more lana del rey) lana del rey, taylor swift 110 f# minor"
Players,players coi leray 105 f# major
Bite Me,bite me enhypen 105 c# major
Stand By Me (feat. Morgan Wallen),"stand by me (feat. morgan wallen) lil durk, morgan wallen 134 b major"
Normal,normal feid 170 e minor
Hummingbird (Metro Boomin & James Blake),"hummingbird (metro boomin & james blake) james blake, metro boomin 81 f# major"
Seu Brilho Sumiu - Ao Vivo,"seu brilho sumiu - ao vivo israel & rodolffo, mari fernandez 154 f# major"
Bad Habit,bad habit steve lacy 169 c# major
CUFF IT,cuff it beyoncï¿ 115 g major
Lilith (feat. SUGA of BTS) (Diablo IV Anthem),"lilith (feat. suga of bts) (diablo iv anthem) halsey, suga 84 a minor"
69,"69 nicky jam, feid 93 g# major"
Niï¿½ï¿½a Bo,"niï¿½ï¿½a bo sean paul, feid 91 g major"
Search & Rescue,search & rescue drake 142 a# minor
AMERICA HAS A PROBLEM (feat. Kendrick Lamar),"america has a problem (feat. kendrick lamar) kendrick lamar, beyoncï¿ 126 c# major"
Lavender Haze,lavender haze taylor swift 97 a# major
"Link Up (Metro Boomin & Don Toliver, Wizkid feat. BEAM & Toian) - Spider-Verse Remix (Spider-Man: Across the Spider-Verse )","link up (metro boomin & don toliver, wizkid feat. beam & toian) - spider-verse remix (spider-man: across the spider-verse ) wizkid, toian, metro boomin, don toliver, beam 101 f major"
Efecto,efecto bad bunny 98 g minor
Erro Gostoso - Ao Vivo,erro gostoso - ao vivo simone mendes 154 f# major
Cupido,cupido tini 120 a major
Just Wanna Rock,just wanna rock lil uzi vert 150 b major
Until I Found You,until i found you stephen sanchez 202 a# major
Rich Flex,"rich flex drake, 21 savage 153 b minor"
Easy On Me,easy on me adele 142 f major
Cartï¿½ï¿½o B,"cartï¿½ï¿½o b mc caverinha, kayblack 108 a minor"
Danger (Spider) (Offset & JID),"danger (spider) (offset & jid) offset, jid 143 b major"
Oi Balde - Ao Vivo,oi balde - ao vivo zï¿½ï¿½ neto & crist 108 d major
The Real Slim Shady,the real slim shady eminem 104 f minor
MERCHO,"mercho migrantes, lil cake, nico valdi 93 f# minor"
The Color Violet,the color violet tory lanez 105 f# minor
Glimpse of Us,glimpse of us joji 170 g# major
Mejor Que Yo,"mejor que yo mambo kingz, dj luian, anuel aa 178 c# minor"
Curtains,curtains ed sheeran 176 f# minor
UNFORGIVEN (feat. Nile Rodgers),"unforgiven (feat. nile rodgers) nile rodgers, le sserafim 104 e minor"
Haegeum,haegeum agust d 85 g major
Conexï¿½ï¿½es de Mï¿½ï¿½fia (feat. Rich ,"conexï¿½ï¿½es de mï¿½ï¿½fia (feat. rich  rich the kid, matuï¿ 117 f# minor"
Never Felt So Alone,never felt so alone labrinth 98 f major
X SI VOLVEMOS,"x si volvemos karol g, romeo santos 178 c# minor"
ceilings,ceilings lizzy mcalpine 148 a major
Cupid,cupid fifty fifty 120 d major
I AM,i am ive 122 e minor
Cupid ï¿½ï¿½ï¿½ Twin Ver. (FIFTY FIFTY) ï¿½ï¿½ï¿½ Spe,cupid ï¿½ï¿½ï¿½ twin ver. (fifty fifty) ï¿½ï¿½ï¿½ spe sped up 8282 144 f major
Shorty Party,"shorty party cartel de santa, la kelly 96 d major"
Super,super seventeen 137 g# major
Slut Me Out,slut me out nle choppa 121 f# minor
Double Fantasy (with Future),"double fantasy (with future) the weeknd, future 119 a minor"
All Of The Girls You Loved Before,all of the girls you loved before taylor swift 96 d major
PROVENZA,provenza karol g 111 c# major
Princess Diana (with Nicki Minaj),"princess diana (with nicki minaj) nicki minaj, ice spice 148 a major"
Di Que Si,"di que si grupo marca registrada, grupo frontera 182 a major"
Igualito a Mi Apï¿,"igualito a mi apï¿ fuerza regida, peso pluma 145 e minor"
Shoong! (feat. LISA of BLACKPINK),"shoong! (feat. lisa of blackpink) taeyang, lisa 110 b minor"
Komang,komang raim laode 134 g major
DESPECHï¿,despechï¿ rosalï¿½ 130 g major
Made You Look,made you look meghan trainor 145 a# major
Watch This - ARIZONATEARS Pluggnb Remix,"watch this - arizonatears pluggnb remix sped up nightcore, arizonatears, lil uzi vert 130 b minor"
Punto G,punto g quevedo 92 b minor
Lovers Rock,lovers rock tv girl 105 f minor
METAMORPHOSIS,metamorphosis interworld 175 g minor
Mami Chula,"mami chula quevedo, jhayco 120 g minor"
En Paris,"en paris el chachito, junior h 139 d# minor"
I Was Never There,"i was never there the weeknd, gesaffelstein 114 a# major"
Don't ever say love me (feat. RM of BTS),"don't ever say love me (feat. rm of bts) rm, colde 145 b minor"
Gato de Noche,"gato de noche nengo flow, bad bunny 94 g# major"
Call Out My Name,call out my name the weeknd 134 c# major
Like Crazy (English Version),like crazy (english version) jimin 120 g major
Rosa Pastel,"rosa pastel jasiel nuï¿½ï¿½ez, peso p 123 g minor"
Sunroof,"sunroof nicky youre, dazy 131 a# major"
Lose Yourself - Soundtrack Version,lose yourself - soundtrack version eminem 171 d major
Superman,"superman eminem, dina rae 130 e minor"
Mas Rica Que Ayer,"mas rica que ayer mambo kingz, dj luian, anuel aa 94 b major"
People Pt.2 (feat. IU),"people pt.2 (feat. iu) iu, agust d 89 g minor"
REMIX EXCLUSIVO,remix exclusivo feid 87 f minor
"Arcï¿½ï¿½ngel: Bzrp Music Sessions, Vol","arcï¿½ï¿½ngel: bzrp music sessions, vol arcangel, bizarrap 124 b minor"
DOGTOOTH,"dogtooth tyler, the creator 78 g# major"
10:35,"10:35 tiï¿½ï¿½sto, tate m 120 g# major"
SORRY NOT SORRY,"sorry not sorry tyler, the creator 96 f# minor"
HAPPY,happy nf 106 g major
La Bebe,la bebe yng lvcas 170 d minor
I Know - PR1SVX Edit,"i know - pr1svx edit kanii, pr1isvx 134 b minor"
Late Night Talking,late night talking harry styles 115 a# major
Leï¿½,leï¿½ marï¿½ï¿½lia mendo 130 f# major
Something in the Orange,something in the orange zach bryan 110 g major
VOID,void melanie martinez 100 a major
Dijeron Que No La Iba Lograr,"dijeron que no la iba lograr fuerza regida, chino pacas 142 g minor"
If We Ever Broke Up,if we ever broke up mae stephens 116 g major
You Proof,you proof morgan wallen 120 a major
LA INOCENTE,"la inocente feid, mora 92 f minor"
Malas Decisiones,malas decisiones kenia os 110 g# minor
Murder In My Mind,murder in my mind kordhell 120 a# major
CAIRO,"cairo karol g, ovy on the drums 115 f minor"
I Love You So,i love you so the walters 76 a# major
Dark Red,dark red steve lacy 172 f# major
Say You Won't Let Go,say you won't let go james arthur 99 a# major
Heart To Heart,heart to heart mac demarco 150 g# minor
Peaches (from The Super Mario Bros. Movie),peaches (from the super mario bros. movie) jack black 92 a# minor
Marisola - Remix,"marisola - remix duki, nicki nicole, cris mj, standly, stars music chile 95 c# major"
LOKERA,"lokera brray, rauw alejandro, lyanno 102 b minor"
Numb,numb linkin park 110 a major
on the street (with J. Cole),"on the street (with j. cole) j-hope, j. cole 94 b minor"
One Thing At A Time,one thing at a time morgan wallen 142 g major
Miss You,"miss you robin schulz, oliver tree 145 f# minor"
Ainï¿½ï¿½ï¿½t Tha,ainï¿½ï¿½ï¿½t tha morgan wallen 121 f# minor
Thinkinï¿½ï¿½ï¿½ B,thinkinï¿½ï¿½ï¿½ b morgan wallen 140 d# minor
Private Landing (feat. Justin Bieber & Future),"private landing (feat. justin bieber & future) don toliver, future, justin bieber 137 c# minor"
Everything I Love,everything i love morgan wallen 104 g# major
Heaven,heaven niall horan 92 f major
LET GO,let go central cee 146 d minor
Sial,sial mahalini 120 d major
I Wrote The Book,i wrote the book morgan wallen 144 d major
"Apna Bana Le (From ""Bhediya"")","apna bana le (from ""bhediya"") arijit singh, sachin-jigar 94 a major"
SPIT IN MY FACE!,spit in my face! thxsomch 94 g# major
PLAYA DEL INGLï¿½,"playa del inglï¿½ myke towers, quevedo 113 g minor"
Man Made A Bar (feat. Eric Church),"man made a bar (feat. eric church) morgan wallen, eric church 148 e major"
Red Ruby Da Sleeze,red ruby da sleeze nicki minaj 98 c# major
Kahani Suno 2.0,kahani suno 2.0 kaifi khalil 140 b major
Nobody Gets Me,nobody gets me sza 100 g major
PERO Tï¿,"pero tï¿ karol g, quevedo 140 f# major"
Hype Boy,hype boy newjeans 100 e minor
Bloody Mary,bloody mary lady gaga 100 a minor
ýýý98 Braves,ýýý98 braves morgan wallen 142 d major
WANDA,wanda quevedo 176 e minor
Thought You Should Know,thought you should know morgan wallen 140 f# major
In The End,in the end linkin park 105 d# minor
Zona De Perigo,zona de perigo leo santana 135 f major
Lovezinho,lovezinho treyce 128 e minor
I Like You (A Happier Song) (with Doja Cat),"i like you (a happier song) (with doja cat) post malone, doja cat 101 f major"
Neverita,neverita bad bunny 122 a# major
Sem Alianï¿½ï¿½a no ,"sem alianï¿½ï¿½a no  mc xenon, os gemeos da putaria 83 c# major"
Enemy (with JID) - from the series Arcane League of Legends,"enemy (with jid) - from the series arcane league of legends imagine dragons, league of legends, jid, arcane 77 b minor"
Revenge,revenge xxxtentacion 140 b minor
Bombonzinho - Ao Vivo,"bombonzinho - ao vivo israel & rodolffo, ana castela 158 c# major"
LA CANCIï¿½,"la canciï¿½ j balvin, bad bunny 176 g major"
Quï¿½ï¿½ Ago,"quï¿½ï¿½ ago yuridia, angela aguilar 98 b major"
Love Again,love again the kid laroi 107 b minor
After Hours,after hours the weeknd 109 f minor
About Damn Time,about damn time lizzo 109 a# minor
ýýýýýýýýýýýýýýýýýýýýý,ýýýýýýýýýýýýýýýýýýýýý fujii kaze 158 f# minor
Besos Moja2,"besos moja2 wisin & yandel, rosalï¿½ 94 f minor"
Maan Meri Jaan,maan meri jaan king 96 f# minor
Moscow Mule,moscow mule bad bunny 100 f minor
My Universe,"my universe coldplay, bts 105 a major"
LLYLM,llylm rosalï¿½ 170 f# minor
TRUSTFALL,trustfall p!nk 122 g# major
ANTIFRAGILE,antifragile le sserafim 105 a# minor
Boy's a liar,boy's a liar pinkpantheress 133 f major
Shirt,shirt sza 120 d# minor
Lift Me Up - From Black Panther: Wakanda Forever - Music From and Inspired By,lift me up - from black panther: wakanda forever - music from and inspired by rihanna 177 a major
STAR WALKIN' (League of Legends Worlds Anthem),star walkin' (league of legends worlds anthem) lil nas x 142 d minor
"Sex, Drugs, Etc.","sex, drugs, etc. beach weather 144 e minor"
Boy With Luv (feat. Halsey),"boy with luv (feat. halsey) halsey, bts 120 b minor"
"Hey, Mickey!","hey, mickey! baby tate 135 d major"
Jhoome Jo Pathaan,"jhoome jo pathaan arijit singh, vishal dadlani, sukriti kakar, vishal-shekhar, shekhar ravjiani, kumaar 105 g major"
Escapism. - Sped Up,"escapism. - sped up raye, 070 shake 108 f# minor"
Te Felicito,"te felicito shakira, rauw alejandro 174 f major"
Muï¿½ï¿½,"muï¿½ï¿½ steve aoki, tini, la joaqui 90 a# minor"
TV,tv billie eilish 141 e minor
I'm Not The Only One,i'm not the only one sam smith 82 f major
Heather,heather conan gray 92 f major
"Besharam Rang (From ""Pathaan"")","besharam rang (from ""pathaan"") vishal-shekhar, shilpa rao, caralisa monteiro, kumaar, vishal dadlani, shekhar ravjiani 116 g# minor"
Sugar Rush Ride,sugar rush ride tomorrow x together 125 a# minor
WAIT FOR U (feat. Drake & Tems),"wait for u (feat. drake & tems) drake, future, tems 83 c# major"
Don't Start Now,don't start now dua lipa 124 b minor
After Dark,after dark mr.kitty 140 g# major
MIDDLE OF THE NIGHT,middle of the night elley duhï¿ 186 e minor
Atlantis,atlantis seafret 166 g# minor
Evoque Prata,"evoque prata dj escobar, mc menor sg, mc menor hr 87 g major"
How Do I Say Goodbye,how do i say goodbye dean lewis 82 g# major
Blind,blind sza 114 a minor
Die For You,die for you joji 148 g# major
Doja,doja central cee 140 f# major
Gatita,gatita bellakath 101 g major
Rumble,"rumble skrillex, flowdan, fred again.. 140 c# minor"
Niagara Falls (Foot or 2) [with Travis Scott & 21 Savage],"niagara falls (foot or 2) [with travis scott & 21 savage] travis scott, 21 savage, metro boomin 88 g minor"
Yonaguni,yonaguni bad bunny 180 c# major
Super Freaky Girl,super freaky girl nicki minaj 133 d major
Running Up That Hill (A Deal With God),running up that hill (a deal with god) kate bush 108 a# minor
Dream On,dream on aerosmith 80 f minor
Limbo,limbo freddie dredd 75 b minor
Where Are You Now,"where are you now lost frequencies, calum scott 121 f# minor"
WORTH NOTHING,"worth nothing twisted, oliver tree 140 d minor"
KICK BACK,kick back kenshi yonezu 102 c# major
Evergreen (You Didnï¿½ï¿½ï¿½t Deserve Me A,evergreen (you didnï¿½ï¿½ï¿½t deserve me a omar apollo 82 a major
Good Days,good days sza 121 c# minor
Levitating (feat. DaBaby),"levitating (feat. dababy) dua lipa, dababy 103 f# minor"
Shut up My Moms Calling - (Sped Up),shut up my moms calling - (sped up) hotel ugly 85 f minor
Ferrari,"ferrari james hype, miggy dela rosa 125 c# minor"
"You're On Your Own, Kid","you're on your own, kid taylor swift 120 d major"
Agudo Mï¿½ï¿½gi,"agudo mï¿½ï¿½gi styrx, utku inc, thezth 130 f# minor"
It's Beginning To Look A Lot Like Christmas,it's beginning to look a lot like christmas michael bublï¿ 93 e major
It's the Most Wonderful Time of the Year,it's the most wonderful time of the year andy williams 202 g major
Let It Snow! Let It Snow! Let It Snow!,let it snow! let it snow! let it snow! dean martin 134 c# major
Underneath the Tree,underneath the tree kelly clarkson 160 g# major
Feliz Navidad,feliz navidad josï¿½ï¿½ felic 148 d major
Holly Jolly Christmas,holly jolly christmas michael bublï¿ 151 g major
Mistletoe,mistletoe justin bieber 162 f# minor
Sleigh Ride,sleigh ride the ronettes 92 d major
Seek & Destroy,seek & destroy sza 152 c# major
Love Language,love language sza 65 a minor
Happy Xmas (War Is Over),"happy xmas (war is over) john lennon, the harlem community choir, the plastic ono band, yoko ono 147 d major"
Used (feat. Don Toliver),"used (feat. don toliver) sza, don toliver 150 a# minor"
The Christmas Song (Merry Christmas To You) - Remastered 1999,the christmas song (merry christmas to you) - remastered 1999 nat king cole 139 c# major
Wonderful Christmastime - Edited Version / Remastered 2011,wonderful christmastime - edited version / remastered 2011 paul mccartney 95 b major
Ghost in the Machine (feat. Phoebe Bridgers),"ghost in the machine (feat. phoebe bridgers) sza, phoebe bridgers 125 f# major"
Merry Christmas Everyone,merry christmas everyone shakin' stevens 101 c# minor
Let It Snow! Let It Snow! Let It Snow!,"let it snow! let it snow! let it snow! frank sinatra, b. swanson quartet 143 d major"
SOS,sos sza 119 g minor
Open Arms (feat. Travis Scott),"open arms (feat. travis scott) sza, travis scott 78 a major"
White Christmas,"white christmas bing crosby, john scott trotter & his orchestra, ken darby singers 96 a major"
Driving Home for Christmas - 2019 Remaster,driving home for christmas - 2019 remaster chris rea 180 a major
Christmas (Baby Please Come Home),christmas (baby please come home) darlene love 126 d# major
Gone Girl,gone girl sza 150 f major
F2F,f2f sza 90 d major
Notice Me,notice me sza 160 f major
It's Beginning to Look a Lot Like Christmas (with Mitchell Ayres & His Orchestra),"it's beginning to look a lot like christmas (with mitchell ayres & his orchestra) perry como, the fontane sisters, mitchell ayres & his orchestra 113 g major"
Antidepresan,"antidepresan mabel matiz, mert demir 100 b minor"
Wild Flower (with youjeen),wild flower (with youjeen) rm 155 g# major
I Hate U,i hate u sza 107 g minor
Raindrops (Insane) [with Travis Scott],"raindrops (insane) [with travis scott] travis scott, metro boomin 112 g# major"
SPIT IN MY FACE!,spit in my face! thxsomch 166 c# major
Deck The Hall - Remastered 1999,deck the hall - remastered 1999 nat king cole 107 f# minor
Smoking on my Ex Pack,smoking on my ex pack sza 81 g# major
Conceited,conceited sza 150 c# major
Snow On The Beach (feat. Lana Del Rey),"snow on the beach (feat. lana del rey) taylor swift, lana del rey 110 a major"
Maroon,maroon taylor swift 108 g major
Tubarï¿½ï¿½o Te,"tubarï¿½ï¿½o te dj lk da escï¿½ï¿½cia, tchakabum, mc jhenny, m 130 e minor"
Bejeweled,bejeweled taylor swift 164 g major
Tarot,"tarot bad bunny, jhay cortez 114 b minor"
You Make It Feel Like Christmas (feat. Blake Shelton),"you make it feel like christmas (feat. blake shelton) gwen stefani, blake shelton 93 f major"
Desesperados,"desesperados chencho corleone, rauw alejandro 90 c# minor"
Too Late,too late sza 128 b major
Party,"party bad bunny, rauw alejandro 97 a major"
Run Rudolph Run - Single Version,run rudolph run - single version chuck berry 152 g minor
Jingle Bells - Remastered 1999,jingle bells - remastered 1999 frank sinatra 175 g# major
Far,far sza 116 d major
On Time (with John Legend),"on time (with john legend) john legend, metro boomin 80 f minor"
GATï¿½ï¿½,"gatï¿½ï¿½ maldy, karol g 93 b minor"
Is There Someone Else?,is there someone else? the weeknd 135 a minor
Fingers Crossed,"fingers crossed lauren spencer smith, lauren spencer smith, lauren spencer smith 109 f major"
Do It To It,"do it to it cherish, acraze 125 b minor"
How Do I Make You Love Me?,how do i make you love me? the weeknd 121 g minor
Gasoline,gasoline the weeknd 123 f# minor
Infinity,infinity jaymes young 122 b minor
Take My Breath,take my breath the weeknd 121 a# minor
"Here We Goï¿½ï¿½ï¿½ Again (feat. Tyler, the Cr","here we goï¿½ï¿½ï¿½ again (feat. tyler, the cr the weeknd, tyler, the creator 135 c# major"
Best Friends,best friends the weeknd 87 e minor
Kiss Me More (feat. SZA),"kiss me more (feat. sza) sza, doja cat 111 g# major"
I Heard You're Married (feat. Lil Wayne),"i heard you're married (feat. lil wayne) the weeknd, lil wayne 110 d major"
Dawn FM,dawn fm the weeknd 78 a minor
Surface Pressure,surface pressure jessica darrow 180 d major
Starry Eyes,starry eyes the weeknd 86 a minor
THATS WHAT I WANT,thats what i want lil nas x 88 c# minor
One Right Now (with The Weeknd),"one right now (with the weeknd) the weeknd, post malone 97 c# major"
Beggin,beggin mï¿½ï¿½ne 134 b minor
Mon Amour - Remix,"mon amour - remix aitana, zzoilo 116 d major"
Lo Siento BB:/ (with Bad Bunny & Julieta Venegas),"lo siento bb:/ (with bad bunny & julieta venegas) julieta venegas, bad bunny, tainy 170 e minor"
The Motto,"the motto tiï¿½ï¿½sto, ava 118 g minor"
Malvadï¿½ï¿,"malvadï¿½ï¿ xamï¿½ï¿½, gustah, neo b 133 f# minor"
Donï¿½ï¿½ï¿½t Break My,donï¿½ï¿½ï¿½t break my the weeknd 122 a# major
Oh My God,oh my god adele 88 c# major
Entre Nosotros (Remix) [con Nicki Nicole],"entre nosotros (remix) [con nicki nicole] lit killah, maria becerra, tiago pzk, nicki nicole 170 f minor"
A Tale By Quincy,a tale by quincy the weeknd 94 f minor
I AM WOMAN,i am woman emmy meli 170 a# major
Medallo,"medallo justin quiles, lenny tavï¿½ï¿½rez, bl 90 e minor"
It'll Be Okay,it'll be okay shawn mendes 78 g major
Softcore,softcore the neighbourhood 94 d major
Super Gremlin,super gremlin kodak black 73 d major
Volvï¿,"volvï¿ aventura, bad bunny 176 c# major"
Todo De Ti,todo de ti rauw alejandro 128 d# minor
Smokin Out The Window,"smokin out the window bruno mars, anderson .paak, silk sonic 82 d major"
Meet Me At Our Spot,"meet me at our spot the anxiety, willow, tyler cole 95 d major"
Tacones Rojos,tacones rojos sebastian yatra 123 b minor
Dakiti,"dakiti bad bunny, jhay cortez 110 e minor"
"Tiago PZK: Bzrp Music Sessions, Vol. 48","tiago pzk: bzrp music sessions, vol. 48 bizarrap, tiago pzk 96 c# minor"
Lï¿½ï¿½ï¿,lï¿½ï¿½ï¿ stromae 88 d minor
Nostï¿½ï¿½l,"nostï¿½ï¿½l chris brown, rvssian, rauw alejandro 98 a minor"
Sad Girlz Luv Money Remix (feat. Kali Uchis),"sad girlz luv money remix (feat. kali uchis) kali uchis, amaarae, moliy 110 c# minor"
Butter,butter bts 110 g# major
pushin P (feat. Young Thug),"pushin p (feat. young thug) young thug, future, gunna 78 c# minor"
You Right,"you right doja cat, the weeknd 129 g# major"
deja vu,deja vu olivia rodrigo 181 a major
TO THE MOON,to the moon jnr choi 144 d major
Lost in the Fire,"lost in the fire the weeknd, gesaffelstein 101 d major"
Salimo de Noche,"salimo de noche trueno, tiago pzk 84 d major"
Volando - Remix,"volando - remix sech, bad bunny, mora 154 f# major"
Leave The Door Open,"leave the door open bruno mars, anderson .paak, silk sonic 148 f major"
Knife Talk (with 21 Savage ft. Project Pat),"knife talk (with 21 savage ft. project pat) drake, project pat, 21 savage 146 f minor"
Don't Be Shy,"don't be shy tiï¿½ï¿½sto, kar 120 b minor"
Love Grows (Where My Rosemary Goes),love grows (where my rosemary goes) edison lighthouse 110 a major
The Family Madrigal,"the family madrigal olga merediz, stephanie beatriz, encanto - cast 141 c# major"
Phantom Regret by Jim,phantom regret by jim the weeknd 108 a minor
Freaks,freaks surf curse 180 a major
Acapulco,acapulco jason derulo 122 a# major
Daddy Issues,daddy issues the neighbourhood 85 a# major
thought i was playing,"thought i was playing 21 savage, gunna 148 c# major"
ELEVEN,eleven ive 120 a major
What Else Can I Do?,"what else can i do? stephanie beatriz, diane guerrero 120 e major"
Miserable Man,miserable man david kushner 110 a# major
happier,happier olivia rodrigo 169 f# major
Praise God,praise god kanye west 118 c# major
Get Into It (Yuh),get into it (yuh) doja cat 92 g# minor
Before You Go,before you go lewis capaldi 112 d# major
Sky,sky playboi carti 140 d major
Rolling in the Deep,rolling in the deep adele 105 g# major
Sobrio,sobrio maluma 178 f major
Peru,"peru ed sheeran, fireboy dml 108 g minor"
favorite crime,favorite crime olivia rodrigo 173 a major
Thunder,"thunder prezioso, gabry ponte, lum!x 101 c# major"
The Business,the business tiï¿½ï¿ 120 g# minor
I WANNA BE YOUR SLAVE,i wanna be your slave mï¿½ï¿½ne 133 c# major
Vai Lï¿½ï¿½ Em Casa ,"vai lï¿½ï¿½ em casa  marï¿½ï¿½lia mendonï¿½ï¿½a, george henrique & 158 g# minor"
The Feels,the feels twice 120 a major
No Lie,"no lie sean paul, dua lipa 102 g major"
OUT OUT (feat. Charli XCX & Saweetie),"out out (feat. charli xcx & saweetie) charli xcx, jax jones, joel corry, saweetie 124 g# minor"
Pope Is a Rockstar,pope is a rockstar sales 90 e minor
2055,2055 sleepy hallow 161 f# minor
Bored,bored billie eilish 120 g major
Astronaut In The Ocean,astronaut in the ocean masked wolf 150 e minor
Ley Seca,"ley seca anuel aa, jhay cortez 105 g# major"
Every Summertime,every summertime niki 79 f# major
Talking To The Moon,talking to the moon bruno mars 146 c# minor
you broke me first,you broke me first tate mcrae 124 e major
The Nights,the nights avicii 126 f# major
Take My Breath,take my breath the weeknd 121 g# major
Way 2 Sexy (with Future & Young Thug),"way 2 sexy (with future & young thug) drake, future, young thug 136 b minor"
Cï¿½ï¿½,cï¿½ï¿½ rauw alejandro 102 a minor
Enemy - from the series Arcane League of Legends,"enemy - from the series arcane league of legends imagine dragons, league of legends, arcane 77 g major"
Lucid Dreams,lucid dreams juice wrld 84 b minor
Quï¿½ï¿½ Mï¿½ï¿,"quï¿½ï¿½ mï¿½ï¿ j balvin, maria becerra 102 g# major"
All of Me,all of me john legend 120 g# major
Smells Like Teen Spirit - Remastered 2021,smells like teen spirit - remastered 2021 nirvana 117 c# major
Fair Trade (with Travis Scott),"fair trade (with travis scott) drake, travis scott 168 c# major"
Bar,"bar tini, l-gante 94 c# major"
The Rumbling (TV Size),the rumbling (tv size) sim 145 g# major
family ties (with Kendrick Lamar),"family ties (with kendrick lamar) kendrick lamar, baby keem 134 c# major"
Mr. Brightside,mr. brightside the killers 148 c# major
Blessed-Cursed,blessed-cursed enhypen 127 e minor
AM Remix,"am remix j balvin, nio garcia, bad bunny 172 f# minor"
Streets,streets doja cat 90 b major
Shallow,"shallow lady gaga, bradley cooper 96 g major"
Polaroid Love,polaroid love enhypen 138 g minor
Leave Before You Love Me (with Jonas Brothers),"leave before you love me (with jonas brothers) marshmello, jonas brothers 120 g major"
Permission to Dance,permission to dance bts 125 a major
Friday (feat. Mufasa & Hypeman) - Dopamine Re-Edit,"friday (feat. mufasa & hypeman) - dopamine re-edit riton, nightcrawlers, mufasa & hypeman, dopamine 123 d major"
RAPSTAR,rapstar polo g 81 f# major
'Till I Collapse,"'till i collapse eminem, nate dogg 171 c# major"
Memories,memories maroon 5 91 b major
Se Le Ve,"se le ve arcangel, de la ghetto, justin quiles, lenny tavï¿½ï¿½rez, sech, dalex, dimelo flow, rich music 84 g minor"
25k jacket (feat. Lil Baby),"25k jacket (feat. lil baby) gunna, lil baby 115 f minor"
Esqueï¿½ï¿½a-Me Se For C,"esqueï¿½ï¿½a-me se for c marï¿½ï¿½lia mendonï¿½ï¿½a, maiara & 122 f# minor"
Miï¿½ï¿½n,"miï¿½ï¿½n tini, maria becerra 92 d major"
Sï¿½ï¿½,"sï¿½ï¿½ anuel aa, myke towers, jhay cortez 90 f# minor"
MAMIII,"mamiii karol g, becky g 94 e minor"
Still D.R.E.,"still d.r.e. dr. dre, snoop dogg 93 b major"
Stay Alive (Prod. SUGA of BTS),stay alive (prod. suga of bts) jung kook 130 d minor
Boyfriend,boyfriend dove cameron 180 g minor
The Next Episode,"the next episode dr. dre, snoop dogg 95 d# minor"
Light Switch,light switch charlie puth 184 f# major
City of Gods,"city of gods kanye west, alicia keys, fivio foreign 147 g# minor"
Brividi,"brividi mahmood, blanco 123 g major"
Lost,lost frank ocean 123 a# minor
In Da Club,in da club 50 cent 90 f# minor
she's all i wanna be,she's all i wanna be tate mcrae 160 d minor
Ginseng Strip 2002,ginseng strip 2002 yung lean 115 c# major
All For Us - from the HBO Original Series Euphoria,"all for us - from the hbo original series euphoria labrinth, zendaya 141 d# major"
Notion,notion the rare occasions 160 a major
Formula,formula labrinth 145 b major
Excuses,"excuses intense, ap dhillon, gurinder gill 95 f minor"
Cigarettes,cigarettes juice wrld 160 d major
"Cayï¿½ï¿½ La Noche (feat. Cruz Cafunï¿½ï¿½, Abhir Hathi, Bejo, EL IMA)","cayï¿½ï¿½ la noche (feat. cruz cafunï¿½ï¿½, abhir hathi, bejo, el ima) quevedo, la pantera, juseph, cruz cafunï¿½ï¿½, bï¿½ï¿½jo, abhir hathi 174 f minor"
California Love - Original Version (Explicit),"california love - original version (explicit) dr. dre, 2pac, roger 92 g major"
Forgot About Dre,"forgot about dre eminem, dr. dre 134 g# major"
Down Under (feat. Colin Hay),"down under (feat. colin hay) luude, colin hay 172 b minor"
Mujeriego,mujeriego ryan castro 80 a major
HUMBLE.,humble. kendrick lamar 150 c# minor
Stan,"stan eminem, dido 80 f# minor"
Contection,"contection godzz__-, zakaria 166 a# minor"
Swim,swim chase atlantic 120 g# major
Numb Little Bug,numb little bug em beihold 85 g# minor
212,"212 mainstreet, chefin 154 d minor"
Problemï¿½,"problemï¿½ alvaro diaz, rauw alejandro 92 d minor"
Bussin,"bussin nicki minaj, lil baby 140 b major"
Worst Day,worst day future 89 c# major
Malvada,malvada zï¿½ï¿½ fe 135 f minor
Hrs and Hrs,hrs and hrs muni long 140 g# minor
Alien Blues,alien blues vundabar 82 d# major
Thinking Out Loud,thinking out loud ed sheeran 79 d major
Still Don't Know My Name,still don't know my name labrinth 88 f major
Christmas Tree,christmas tree v 139 f major
When I R.I.P.,when i r.i.p. labrinth 80 g# minor
Do We Have A Problem?,"do we have a problem? nicki minaj, lil baby 120 c# minor"
Forever,forever labrinth 80 e minor
Gospel (with Eminem),"gospel (with eminem) eminem, dr. dre 117 c# major"
Seï¿½ï¿½o,"seï¿½ï¿½o shawn mendes, camila cabello 117 a minor"
NEW MAGIC WAND,"new magic wand tyler, the creator 140 f minor"
Adore You,adore you harry styles 99 g# major
La Santa,"la santa daddy yankee, bad bunny 93 c# major"
Something In The Way - Remastered 2021,something in the way - remastered 2021 nirvana 106 g# major
Sweetest Pie,"sweetest pie dua lipa, megan thee stallion 124 g major"
Bam Bam (feat. Ed Sheeran),"bam bam (feat. ed sheeran) camila cabello, ed sheeran 95 g# major"
Una Noche en Medellï¿½,una noche en medellï¿½ cris mj 96 a# minor
Envolver,envolver anitta 92 e minor
Starlight,starlight dave 124 g major
Hati-Hati di Jalan,hati-hati di jalan tulus 72 f# major
DANï¿½ï¿½A,"danï¿½ï¿½a mc pedrinho, pedro sampaio 135 a minor"
Yo Voy (feat. Daddy Yankee),yo voy (feat. daddy yankee) zion & lennox 95 a# major
"Residente: Bzrp Music Sessions, Vol. 49","residente: bzrp music sessions, vol. 49 residente, bizarrap 71 c# minor"
Jordan,jordan ryan castro 180 a# minor
Nail Tech,nail tech jack harlow 150 e minor
Chale,chale eden muï¿½ï 189 g# major
Ya No Somos Ni Seremos,ya no somos ni seremos christian nodal 140 g major
Freaky Deaky,"freaky deaky tyga, doja cat 104 d minor"
this is what falling in love feels like,this is what falling in love feels like jvke 129 b major
La Zona,la zona bad bunny 94 c# minor
Hope,hope xxxtentacion 146 a minor
Levitating,levitating dua lipa 103 f# minor
Wake Me Up - Radio Edit,wake me up - radio edit avicii 124 d major
"jealousy, jealousy","jealousy, jealousy olivia rodrigo 164 a# minor"
Monï¿½ï¿½y so,monï¿½ï¿½y so yeat 138 d major
Demasiadas Mujeres,demasiadas mujeres c. tangana 126 a minor
Something Just Like This,"something just like this the chainsmokers, coldplay 103 b minor"
Closer,"closer the chainsmokers, halsey 95 g# major"
O.O,o.o nmixx 200 b minor
Tom's Diner,"tom's diner annenmaykantereit, giant rooks 98 f# minor"
First Class,first class jack harlow 107 g# major
Fuera del mercado,fuera del mercado danny ocean 92 g# major
X ï¿½ï¿½LTIMA,"x ï¿½ï¿½ltima daddy yankee, bad bunny 90 g major"
When You're Gone,when you're gone shawn mendes 147 f major
In My Head,in my head lil tjay 143 c# major
Wait a Minute!,wait a minute! willow 101 d# minor
LOVE DIVE,love dive ive 118 c# minor
Pantysito,"pantysito feid, alejo, robi 98 g minor"
Chance,chance paulo londra 138 c# minor
Cool for the Summer,cool for the summer demi lovato 114 f minor
psychofreak (feat. WILLOW),"psychofreak (feat. willow) camila cabello, willow 180 g minor"
Angel Baby,angel baby troye sivan 145 b major
Vampiro,"vampiro matuï¿½ï¿½, wiu,  115 g# minor"
Si Quieren Frontear,"si quieren frontear de la ghetto, duki, quevedo 82 a# major"
Right On,right on lil baby 166 d major
That's Hilarious,that's hilarious charlie puth 108 f# major
Soy El Unico,soy el unico yahritza y su esencia 84 e minor
RUMBATï¿½,rumbatï¿½ daddy yankee 95 d# minor
sentaDONA (Remix) s2,"sentadona (remix) s2 luï¿½ï¿½sa sonza, mc frog, dj gabriel do borel, davi k 135 d# minor"
Falling,falling harry styles 110 e major
Sigue,"sigue ed sheeran, j balvin 88 g major"
Fim de Semana no Rio,fim de semana no rio teto 119 c# minor
MANIAC,maniac stray kids 120 c# major
There's Nothing Holdin' Me Back,there's nothing holdin' me back shawn mendes 122 d major
IDGAF (with blackbear),"idgaf (with blackbear) blackbear, boywithuke 98 f major"
Golden,golden harry styles 140 e minor
Get Lucky - Radio Edit,"get lucky - radio edit pharrell williams, nile rodgers, daft punk 116 f# minor"
Ain't Shit,ain't shit doja cat 124 d# major
"Nobody Like U - From ""Turning Red""","nobody like u - from ""turning red"" jordan fisher, josh levi, finneas o'connell, 4*town (from disney and pixarï¿½ï¿½ï¿½s turning red), topher ngo, grayson vill 105 a minor"
Still Life,still life bigbang 118 g# major
Photograph,photograph ed sheeran 108 e major
Love Yourself,love yourself justin bieber 100 e major
N95,n95 kendrick lamar 140 d# minor
About Damn Time,about damn time lizzo 109 a# minor
Die Hard,"die hard kendrick lamar, blxst, amanda reifer 101 c# minor"
Despuï¿½ï¿½s de la P,despuï¿½ï¿½s de la p bad bunny 78 f major
United In Grief,united in grief kendrick lamar 87 g# major
Father Time (feat. Sampha),"father time (feat. sampha) kendrick lamar, sampha 153 a# minor"
Rich Spirit,rich spirit kendrick lamar 96 a# minor
Me Fui de Vacaciones,me fui de vacaciones bad bunny 85 a# major
Silent Hill,"silent hill kendrick lamar, kodak black 140 c# minor"
La Corriente,"la corriente tony dize, bad bunny 196 b minor"
Count Me Out,count me out kendrick lamar 134 g major
Andrea,"andrea buscabulla, bad bunny 103 c# minor"
Dos Mil 16,dos mil 16 bad bunny 130 c# major
We Cry Together,"we cry together kendrick lamar, taylour paige 108 b major"
Savior,"savior kendrick lamar, sam dew, baby keem 123 g# major"
Un Coco,un coco bad bunny 152 b major
Otro Atardecer,"otro atardecer bad bunny, the marï¿½ï 108 d major"
Worldwide Steppers,worldwide steppers kendrick lamar 72 a# minor
Aguacero,aguacero bad bunny 121 f# minor
Purple Hearts,"purple hearts kendrick lamar, ghostface killah, summer walker 138 d# minor"
Un Verano Sin Ti,un verano sin ti bad bunny 188 f minor
ULTRA SOLO,"ultra solo polima westcoast, pailita 110 c# major"
Ensï¿½ï¿½ï¿½ï¿½ame ,ensï¿½ï¿½ï¿½ï¿½ame  bad bunny 105 g# major
El Apagï¿½,el apagï¿½ bad bunny 118 g# major
Callaita,"callaita bad bunny, tainy 176 d major"
Dua Lipa,dua lipa jack harlow 158 b major
Agosto,agosto bad bunny 115 c# minor
House Of Memories,house of memories panic! at the disco 110 b minor
Mr. Morale,"mr. morale kendrick lamar, tanna leone 174 a major"
That That (prod. & feat. SUGA of BTS),"that that (prod. & feat. suga of bts) psy, suga 130 e major"
In The Stars,in the stars benson boone 78 a# major
Rich - Interlude,rich - interlude kendrick lamar 104 g major
SUPERMODEL,supermodel mï¿½ï¿½ne 121 g major
Stefania (Kalush Orchestra),stefania (kalush orchestra) kalush 105 d major
Thousand Miles,thousand miles the kid laroi 81 g major
Crown,crown kendrick lamar 170 c# minor
Auntie Diaries,auntie diaries kendrick lamar 78 g major
PUFFIN ON ZOOTIEZ,puffin on zootiez future 125 g# major
Mirror,mirror kendrick lamar 92 e minor
Beautiful Girl,beautiful girl luciano 140 b minor
Savior - Interlude,savior - interlude kendrick lamar 118 f minor
Pasoori,"pasoori shae gill, ali sethi 92 b minor"
Mother I Sober (feat. Beth Gibbons of Portishead),"mother i sober (feat. beth gibbons of portishead) kendrick lamar, beth gibbons 140 g# minor"
TUS Lï¿½ï¿½GR,"tus lï¿½ï¿½gr sech, mora 174 c# major"
Where Did You Go?,"where did you go? mnek, jax jones 127 a# major"
I Tried to Tell Y'all,"i tried to tell y'all ugly dray, tesla jnr 96 b major"
Honest (feat. Don Toliver),"honest (feat. don toliver) justin bieber, don toliver 150 g# minor"
ZOOM,zoom jessi 100 f# major
SloMo,slomo chanel 105 c# minor
FEARLESS,fearless le sserafim 104 g major
10 Things I Hate About You,10 things i hate about you leah kate 154 g# major
SPACE MAN,space man sam ryder 80 b major
With you,"with you ha sung woon, jimin 150 d# major"
Iris,iris the goo goo dolls 156 b minor
The Heart Part 5,the heart part 5 kendrick lamar 98 g# minor
San Lucas,san lucas kevin kaarl 92 g major
This Love (Taylorï¿½ï¿½ï¿½s Ve,this love (taylorï¿½ï¿½ï¿½s ve taylor swift 144 e major
Good Looking,good looking suki waterhouse 150 e major
Flowers,flowers lauren spencer smith 138 d# major
Yet To Come,yet to come bts 172 c# major
Run BTS,run bts bts 77 g# major
Music For a Sushi Restaurant,music for a sushi restaurant harry styles 107 b major
Matilda,matilda harry styles 114 d major
For Youth,for youth bts 117 d major
Vegas (From the Original Motion Picture Soundtrack ELVIS),vegas (from the original motion picture soundtrack elvis) doja cat 160 g# minor
Cash In Cash Out,"cash in cash out pharrell williams, tyler, the creator, 21 savage 120 g major"
Potion (with Dua Lipa & Young Thug),"potion (with dua lipa & young thug) calvin harris, dua lipa, young thug 100 b minor"
Born Singer,born singer bts 158 g# minor
Little Freak,little freak harry styles 142 d# major
La Llevo Al Cielo (Ft. ï¿½ï¿½engo F,"la llevo al cielo (ft. ï¿½ï¿½engo f nengo flow, anuel aa, chris jedi, chencho corleone 170 a minor"
True Love,"true love kanye west, xxxtentacion 84 f minor"
Pass The Dutchie,pass the dutchie musical youth 151 g major
"Villano Antillano: Bzrp Music Sessions, Vol. 51","villano antillano: bzrp music sessions, vol. 51 bizarrap, villano antillano 128 c# minor"
Love Of My Life,love of my life harry styles 118 g major
Grapejuice,grapejuice harry styles 183 f major
So Good,so good halsey 83 d# minor
Belly Dancer,"belly dancer byor, imanbek 122 c# major"
Keep Driving,keep driving harry styles 165 a major
Cinema,cinema harry styles 106 a minor
Die Young (feat. 347aidan),"die young (feat. 347aidan) sleepy hallow, 347aidan 77 b major"
Only Love Can Hurt Like This,only love can hurt like this paloma faith 91 g# major
Hold My Hand,hold my hand lady gaga 148 g major
Daydreaming,daydreaming harry styles 114 e minor
Nos Comemos (feat. Ozuna),"nos comemos (feat. ozuna) ozuna, tiago pzk 92 f# major"
Me and Your Mama,me and your mama childish gambino 118 f major
Crazy What Love Can Do,"crazy what love can do david guetta, ella henderson, becky hill 123 e minor"
SLOW DANCING IN THE DARK,slow dancing in the dark joji 89 d# major
Antes de Perderte,antes de perderte duki 110 f minor
295,295 sidhu moose wala 90 b minor
En El Radio Un Cochinero,en el radio un cochinero victor cibrian 154 f# minor
Master of Puppets (Remastered),master of puppets (remastered) metallica 105 e minor
BREAK MY SOUL,break my soul beyoncï¿ 115 c# minor
ULTRA SOLO REMIX,"ultra solo remix de la ghetto, feid, polima westcoast, paloma mami, pailita 110 c# major"
Massive,massive drake 125 e minor
Betty (Get Money),betty (get money) yung gravy 102 c# major
Ojos Marrones,ojos marrones lasso 120 g# minor
POP!,pop! nayeon 97 d major
Layla,"layla schï¿½ï¿½rze, dj r 140 f minor"
MORE,more j-hope 97 d major
Sweet Child O' Mine,sweet child o' mine guns n' roses 125 f# major
Last Last,last last burna boy 88 d# minor
Sticky,sticky drake 137 a# minor
Hot Shit (feat. Ye & Lil Durk),"hot shit (feat. ye & lil durk) kanye west, lil durk, cardi b 157 a major"
Ai Preto,"ai preto l7nnon, dj biel do furduncinho, bianca 130 f# major"
La Loto,"la loto anitta, tini, becky g 90 c# major"
die first,die first nessa barrett 183 g# minor
Afraid To Feel,afraid to feel lf system 128 c# major
Baile no Morro,"baile no morro mc vitin da igrejinha, mc tairon, dj win 130 d# minor"
cï¿½ï¿½mo dormi,cï¿½ï¿½mo dormi rels b 126 c# major
STAYING ALIVE (feat. Drake & Lil Baby),"staying alive (feat. drake & lil baby) drake, dj khaled, lil baby 130 e minor"
Si Te La Encuentras Por Ahï¿,si te la encuentras por ahï¿ feid 172 g# minor
GIVENCHY,givenchy duki 103 g# major
ALIEN SUPERSTAR,alien superstar beyoncï¿ 122 a# minor
Mary On A Cross,mary on a cross ghost 130 b major
Attention,attention newjeans 105 a# minor
THE SHADE,the shade rex orange county 120 f major
"Come Back Home - From ""Purple Hearts""","come back home - from ""purple hearts"" sofia carson 145 g major"
El Rescate,"el rescate grupo marca registrada, junior h 99 g minor"
Heartless,heartless kanye west 88 a# minor
"Stay With Me (with Justin Timberlake, Halsey, & Pharrell)","stay with me (with justin timberlake, halsey, & pharrell) calvin harris, halsey, pharrell williams, justin timberlake 126 a major"
JGL,"jgl luis r conriquez, la adictiva 113 g# major"
Don't You Worry,"don't you worry david guetta, shakira, black eyed peas 132 b major"
Pipoco,"pipoco melody, ana castela, dj chris no beat 135 g# major"
Forget Me,forget me lewis capaldi 102 c# minor
Bound 2,bound 2 kanye west 149 c# major
Talk that Talk,talk that talk twice 120 d# minor
BILLIE EILISH.,billie eilish. armani white 100 c# major
Ferxxo 100,ferxxo 100 feid 164 g# minor
KU LO SA - A COLORS SHOW,ku lo sa - a colors show oxlade 93 a# minor
Prohibidox,prohibidox feid 180 c# minor
Static,static steve lacy 79 c# major
The Scientist,the scientist coldplay 146 f major
Sparks,sparks coldplay 103 c# major
Talk,talk yeat 140 e minor
XQ Te Pones Asï¿,"xq te pones asï¿ yandel, feid 92 a# major"
Selfish,selfish pnb rock 102 c# minor
Sin Seï¿½ï,"sin seï¿½ï ovy on the drums, quevedo 118 b minor"
Lady Mi Amor,lady mi amor feid 93 d major
Poland,poland lil yachty 150 f minor
THE LONELIEST,the loneliest mï¿½ï¿½ne 130 d major
Bye Bye,"bye bye marshmello, juice wrld 83 d# minor"
BABY OTAKU,"baby otaku fran c, polima westcoast, nickoog clk, pablito pesadilla 102 a major"
Nxde,nxde (g)i-dle 136 e minor
Miss You,miss you southstar 145 a major
we fell in love in october,we fell in love in october girl in red 130 g major
2 Be Loved (Am I Ready),2 be loved (am i ready) lizzo 156 g major
Celestial,celestial ed sheeran 123 d major
Typa Girl,typa girl blackpink 132 g major
California Breeze,california breeze lil baby 162 f minor
Bamba (feat. Aitch & BIA),"bamba (feat. aitch & bia) luciano, aitch, bï¿½ 138 a# major"
Casei Com a Putaria,"casei com a putaria mc ryan sp, love funk, mc paiva zs 161 a# minor"
Major Distribution,"major distribution drake, 21 savage 131 g# minor"
Pussy & Millions (feat. Travis Scott),"pussy & millions (feat. travis scott) drake, travis scott, 21 savage 122 e minor"
Vigilante Shit,vigilante shit taylor swift 80 e minor
Question...?,question...? taylor swift 109 g major
On BS,"on bs drake, 21 savage 158 a major"
Mastermind,mastermind taylor swift 126 e major
Circo Loco,"circo loco drake, 21 savage 104 c# major"
Spin Bout U,"spin bout u drake, 21 savage 130 g major"
"Would've, Could've, Should've","would've, could've, should've taylor swift 158 g major"
Con La Brisa,"con la brisa ludwig goransson, foudeqush 114 d minor"
Privileged Rappers,"privileged rappers drake, 21 savage 144 f major"
The Astronaut,the astronaut jin 125 f major
BackOutsideBoyz,backoutsideboyz drake 142 f minor
Broke Boys,"broke boys drake, 21 savage 120 d major"
The Great War,the great war taylor swift 96 f major
My Mind & Me,my mind & me selena gomez 144 a major
Bigger Than The Whole Sky,bigger than the whole sky taylor swift 166 f# major
A Veces (feat. Feid),"a veces (feat. feid) feid, paulo londra 92 c# major"
En La De Ella,"en la de ella feid, sech, jhayco 97 c# major"
Alone,alone burna boy 90 e minor
